{
    "lights": {
      "0": {
        "type": "point",
        "position": [
          -0.9100000000000004,
          2.3,
          2.53
        ],
        "intensity": 1.1586479857089982,
        "color": [
          0.93,
          0.98,
          1
        ],
        "life_intervals": [[null, null]]
      },
      "1": {
        "type": "point",
        "position": [
          -1.4000000000000001,
          2.3,
          -0.17500000000000016
        ],
        "intensity": 1.1586479857089982,
        "color": [
          0.93,
          0.98,
          1
        ],
        "life_intervals": [[null, null]]
      },
      "2": {
        "type": "point",
        "position": [
          -1.4,
          2.3,
          -2.7750000000000004
        ],
        "intensity": 1.1586479857089982,
        "color": [
          0.93,
          0.98,
          1
        ],
        "life_intervals": [[null, null]]
      },
      "3": {
        "type": "point",
        "position": [
          6.928,
          3.3,
          6.849
        ],
        "intensity": 4.45633840657307,
        "color": [
          1,
          1,
          1
        ],
        "life_intervals": [[null, null]]
      },
      "4": {
        "type": "point",
        "position": [
          7.048,
          3.3,
          2.3780000000000014
        ],
        "intensity": 7.321127382227186,
        "color": [
          1,
          1,
          1
        ],
        "life_intervals": [[null, null]]
      },
      "5": {
        "type": "point",
        "position": [
          0.7999999999999996,
          1.85,
          1.4000000000000004
        ],
        "intensity": 0.9803944494460753,
        "color": [
          1,
          1,
          0.95
        ],
        "life_intervals": [[null, null]]
      },
      "6": {
        "type": "point",
        "position": [
          1.5,
          1.5,
          6.9
        ],
        "intensity": 0.9803944494460753,
        "color": [
          1,
          1,
          0.95
        ],
        "life_intervals": [[null, null]]
      },
      "7": {
        "type": "point",
        "position": [
          1.65,
          2.6,
          -2.03
        ],
        "intensity": -1.336901521971921,
        "color": [
          1,
          1,
          1
        ],
        "life_intervals": [[null, null]]
      },
      "8": {
        "type": "point",
        "position": [
          6.06,
          2.6,
          -2.67
        ],
        "intensity": -2.673803043943842,
        "color": [
          1,
          1,
          1
        ],
        "life_intervals": [[null, null]]
      },
      "9": {
        "type": "point",
        "position": [
          0.5999999999999999,
          0.7000000000000001,
          1.8000000000000003
        ],
        "intensity": -0.4901972247230377,
        "color": [
          1,
          1,
          1
        ],
        "life_intervals": [[null, null]]
      },
      "10": {
        "type": "point",
        "position": [
          0.7999999999999995,
          0.7000000000000001,
          1.0999999999999999
        ],
        "intensity": -0.4901972247230377,
        "color": [
          1,
          1,
          1
        ],
        "life_intervals": [[null, null]]
      },
      "11": {
        "type": "point",
        "position": [
          2.5999999999999988,
          0.7000000000000001,
          5.04448
        ],
        "intensity": -0.477464829275686,
        "color": [
          1,
          1,
          1
        ],
        "life_intervals": [[null, null]]
      },
      "12": {
        "type": "point",
        "position": [
          2.3,
          0.5,
          8.1
        ],
        "intensity": -0.7002817496043395,
        "color": [
          1,
          1,
          1
        ],
        "life_intervals": [[null, null]]
      },
      "13": {
        "type": "point",
        "position": [
          -2.7569999999999997,
          0.9000000000000001,
          -1.1970000000000003
        ],
        "intensity": -0.6684507609859605,
        "color": [
          1,
          1,
          1
        ],
        "life_intervals": [[null, null]]
      },
      "14": {
        "type": "point",
        "position": [
          0.3,
          0.4,
          5.2
        ],
        "intensity": -0.3819718634205488,
        "color": [
          1,
          1,
          1
        ],
        "life_intervals": [[null, null]]
      }
    }
  }