{
    "lights": {
      "0": {
        "type": "point",
        "position": [
          -0.9100000000000004,
          2.3,
          2.53
        ],
        "intensity": 1.1586479857089982,
        "color": [
          0.93,
          0.98,
          1
        ],
        "life_intervals": [[null, null]]
      },
      "1": {
        "type": "point",
        "position": [
          -1.4000000000000001,
          2.3,
          -0.17500000000000016
        ],
        "intensity": 1.1586479857089982,
        "color": [
          0.93,
          0.98,
          1
        ],
        "life_intervals": [[null, null]]
      },
      "2": {
        "type": "point",
        "position": [
          -1.4,
          2.3,
          -2.7750000000000004
        ],
        "intensity": 1.1586479857089982,
        "color": [
          0.93,
          0.98,
          1
        ],
        "life_intervals": [[null, null]]
      },
      "3": {
        "type": "point",
        "position": [
          6.928,
          3.3,
          6.849
        ],
        "intensity": 4.45633840657307,
        "color": [
          1,
          1,
          1
        ],
        "life_intervals": [[null, null]]
      },
      "4": {
        "type": "point",
        "position": [
          7.048,
          3.3,
          2.3780000000000014
        ],
        "intensity": 7.321127382227186,
        "color": [
          1,
          1,
          1
        ],
        "life_intervals": [[null, null]]
      },
      "5": {
        "type": "point",
        "position": [
          1.65,
          2.6,
          -2.03
        ],
        "intensity": -1.336901521971921,
        "color": [
          1,
          1,
          1
        ],
        "life_intervals": [[null, null]]
      },
      "6": {
        "type": "point",
        "position": [
          6.06,
          2.6,
          -2.67
        ],
        "intensity": -2.673803043943842,
        "color": [
          1,
          1,
          1
        ],
        "life_intervals": [[null, null]]
      }
    }
  }